",""oversampling_altorithm"",""classifier"",""kFold"",""undersamplingFactor"",""kSMOTE"",""nRatioSMOTE"",""AUCAverage"""
"1,""asn"",""xgboost"",""4"",""0.99"",""35"",""1"",""0.930487906767298"""
"2,""asn"",""xgboost"",""4"",""0.95"",""8"",""1"",""0.923326500296307"""
"3,""smote"",""xgboost"",""4"",""0.8"",""10"",""1"",""0.92975870083878"""
"4,""smote"",""xgboost"",""4"",""0.9"",""4"",""1"",""0.936021744465108"""
"5,""asn"",""logistic_regression"",""4"",""0.9"",""50"",""1"",""0.925809267396468"""
"6,""asn"",""xgboost"",""4"",""0.99"",""10"",""1"",""0.933669744656998"""
"7,""smote"",""logistic_regression"",""4"",""0.95"",""60"",""1"",""0.940248403737439"""
"8,""smote"",""logistic_regression"",""4"",""0.99"",""70"",""1"",""0.938879647407219"""
"9,""smote"",""xgboost"",""4"",""0.8"",""60"",""1"",""0.936100474537674"""
"10,""smote"",""logistic_regression"",""4"",""0.99"",""8"",""1"",""0.93978915173804"""
"11,""asn"",""logistic_regression"",""4"",""0.9"",""4"",""1"",""0.927814869967856"""
"12,""smote"",""xgboost"",""4"",""0.8"",""70"",""1"",""0.931821988643468"""
"13,""asn"",""logistic_regression"",""4"",""0.8"",""12"",""1"",""0.92565413878107"""
"14,""smote"",""logistic_regression"",""4"",""0.8"",""4"",""1"",""0.942676611870607"""
"15,""asn"",""xgboost"",""4"",""0.9"",""35"",""1"",""0.920500612307"""
"16,""asn"",""logistic_regression"",""4"",""0.8"",""60"",""1"",""0.929221523903128"""
"17,""asn"",""logistic_regression"",""4"",""0.8"",""12"",""1"",""0.923426350264568"""
"18,""smote"",""logistic_regression"",""4"",""0.85"",""30"",""1"",""0.94021450929605"""
"19,""asn"",""logistic_regression"",""4"",""0.85"",""50"",""1"",""0.926821338879865"""
"20,""asn"",""xgboost"",""4"",""0.85"",""16"",""1"",""0.921669709860671"""
"21,""smote"",""logistic_regression"",""4"",""0.9"",""70"",""1"",""0.942625863888502"""
"22,""asn"",""logistic_regression"",""4"",""0.85"",""12"",""1"",""0.926799685230571"""
"23,""smote"",""logistic_regression"",""4"",""0.85"",""8"",""1"",""0.940821629604115"""
"24,""smote"",""xgboost"",""4"",""0.8"",""60"",""1"",""0.929676777798546"""
"25,""smote"",""xgboost"",""4"",""0.95"",""50"",""1"",""0.936388772137251"""
"26,""smote"",""xgboost"",""4"",""0.8"",""35"",""1"",""0.930630894433955"""
"27,""asn"",""logistic_regression"",""4"",""0.9"",""12"",""1"",""0.925632627640432"""
"28,""smote"",""xgboost"",""4"",""0.95"",""8"",""1"",""0.932673482793875"""
"29,""asn"",""logistic_regression"",""4"",""0.95"",""16"",""1"",""0.928472378724514"""
"30,""asn"",""xgboost"",""4"",""0.95"",""10"",""1"",""0.924024547430404"""
"31,""asn"",""logistic_regression"",""4"",""0.95"",""10"",""1"",""0.918789347315684"""
"32,""asn"",""logistic_regression"",""4"",""0.8"",""50"",""1"",""0.922426485329099"""
"33,""smote"",""logistic_regression"",""4"",""0.99"",""35"",""1"",""0.942350108087343"""
"34,""smote"",""logistic_regression"",""4"",""0.85"",""4"",""1"",""0.941979078069132"""
"35,""smote"",""xgboost"",""4"",""0.99"",""40"",""1"",""0.943667022268917"""
"36,""smote"",""logistic_regression"",""4"",""0.8"",""12"",""1"",""0.943164019626141"""
"37,""asn"",""xgboost"",""4"",""0.95"",""6"",""1"",""0.925608453023676"""
"38,""asn"",""logistic_regression"",""4"",""0.9"",""60"",""1"",""0.927865306725492"""
"39,""asn"",""logistic_regression"",""4"",""0.95"",""60"",""1"",""0.927131907165321"""
"40,""smote"",""logistic_regression"",""4"",""0.99"",""12"",""1"",""0.934944415116975"""
"41,""asn"",""xgboost"",""4"",""0.85"",""10"",""1"",""0.923891894062756"""
"42,""asn"",""logistic_regression"",""4"",""0.85"",""12"",""1"",""0.928702694222256"""
"43,""smote"",""logistic_regression"",""10"",""0.99"",""10"",""1"",""0.940654145126384"""
"44,""asn"",""logistic_regression"",""4"",""0.95"",""12"",""1"",""0.930977741421486"""
"45,""smote"",""logistic_regression"",""4"",""0.95"",""12"",""1"",""0.93847173694036"""
"46,""asn"",""xgboost"",""4"",""0.95"",""12"",""1"",""0.924446022342912"""
"47,""smote"",""xgboost"",""4"",""0.95"",""12"",""1"",""0.934190913223555"""
"48,""smote"",""logistic_regression"",""4"",""0.95"",""60"",""1"",""0.943629312810748"""
"49,""smote"",""logistic_regression"",""4"",""0.99"",""20"",""1"",""0.942359278375658"""
"50,""asn"",""logistic_regression"",""4"",""0.95"",""8"",""1"",""0.927017382679417"""
"51,""smote"",""logistic_regression"",""4"",""0.9"",""35"",""1"",""0.939042101362196"""
"52,""smote"",""logistic_regression"",""4"",""0.99"",""70"",""1"",""0.94339396494538"""
"53,""asn"",""logistic_regression"",""4"",""0.95"",""8"",""1"",""0.927017382679417"""
"54,""smote"",""logistic_regression"",""4"",""0.9"",""35"",""1"",""0.939042101362196"""
"55,""smote"",""logistic_regression"",""4"",""0.99"",""70"",""1"",""0.94339396494538"""
"56,""asn"",""logistic_regression"",""4"",""0.95"",""8"",""1"",""0.927017382679417"""
"57,""smote"",""logistic_regression"",""4"",""0.9"",""35"",""1"",""0.939042101362196"""
"58,""smote"",""logistic_regression"",""4"",""0.99"",""70"",""1"",""0.94339396494538"""
"59,""asn"",""logistic_regression"",""4"",""0.95"",""8"",""1"",""0.927017382679417"""
"60,""smote"",""logistic_regression"",""4"",""0.9"",""35"",""1"",""0.939042101362196"""
"61,""asn"",""xgboost"",""4"",""0.85"",""30"",""1"",""0.919816929796797"""
"62,""smote"",""xgboost"",""4"",""0.95"",""16"",""1"",""0.935869273648531"""
"63,""asn"",""xgboost"",""4"",""0.95"",""12"",""1"",""0.92318842823014"""
"64,""asn"",""xgboost"",""4"",""0.85"",""30"",""1"",""0.921626152247789"""
"65,""asn"",""xgboost"",""4"",""0.99"",""50"",""1"",""0.937886440320711"""
"66,""smote"",""xgboost"",""4"",""0.85"",""35"",""1"",""0.933118648656932"""
"67,""asn"",""xgboost"",""4"",""0.8"",""30"",""1"",""0.9149668971823"""
"68,""smote"",""xgboost"",""4"",""0.99"",""25"",""1"",""0.940108031965881"""
"69,""asn"",""xgboost"",""4"",""0.8"",""2"",""1"",""0.919618643361931"""
"70,""asn"",""xgboost"",""4"",""0.99"",""2"",""1"",""0.932703508799035"""
"71,""smote"",""xgboost"",""4"",""0.99"",""2"",""1"",""0.944307924600589"""
"72,""smote"",""logistic_regression"",""4"",""0.95"",""12"",""1"",""0.94214493972496"""
"73,""asn"",""xgboost"",""4"",""0.85"",""60"",""1"",""0.920023496719113"""
"74,""smote"",""logistic_regression"",""4"",""0.95"",""10"",""1"",""0.941468438734661"""
"75,""smote"",""logistic_regression"",""4"",""0.99"",""4"",""1"",""0.940612142285774"""
"76,""smote"",""xgboost"",""4"",""0.9"",""12"",""1"",""0.934682804017182"""
"77,""asn"",""logistic_regression"",""4"",""0.8"",""10"",""1"",""0.927462539014529"""
"78,""asn"",""xgboost"",""4"",""0.99"",""6"",""1"",""0.934525063186007"""
"79,""smote"",""logistic_regression"",""4"",""0.99"",""20"",""1"",""0.94190008443291"""
"80,""smote"",""logistic_regression"",""4"",""0.95"",""16"",""1"",""0.93990323942972"""
"81,""asn"",""logistic_regression"",""4"",""0.85"",""10"",""1"",""0.928769909400197"""
"82,""smote"",""xgboost"",""4"",""0.85"",""16"",""1"",""0.924609691914084"""
"83,""asn"",""logistic_regression"",""4"",""0.95"",""50"",""1"",""0.930564879556039"""
"84,""smote"",""xgboost"",""4"",""0.99"",""2"",""1"",""0.941976521045368"""
"85,""smote"",""logistic_regression"",""4"",""0.99"",""30"",""1"",""0.944781070652878"""
"86,""smote"",""logistic_regression"",""4"",""0.9"",""30"",""1"",""0.941151839861482"""
"87,""asn"",""logistic_regression"",""4"",""0.95"",""50"",""1"",""0.929018311865592"""
"88,""asn"",""logistic_regression"",""4"",""0.99"",""40"",""1"",""0.931557654163408"""
"89,""asn"",""logistic_regression"",""4"",""0.85"",""12"",""1"",""0.925109211265633"""
"90,""asn"",""logistic_regression"",""4"",""0.9"",""25"",""1"",""0.924740281320039"""
"91,""asn"",""xgboost"",""4"",""0.9"",""2"",""1"",""0.923032235420636"""
"92,""asn"",""logistic_regression"",""4"",""0.95"",""70"",""1"",""0.928594478652063"""
"93,""smote"",""xgboost"",""4"",""0.85"",""4"",""1"",""0.92971338586646"""
"94,""smote"",""xgboost"",""4"",""0.8"",""16"",""1"",""0.934358885778222"""
"95,""asn"",""logistic_regression"",""4"",""0.95"",""4"",""1"",""0.925534926997197"""
"96,""smote"",""xgboost"",""4"",""0.99"",""40"",""1"",""0.945537210948465"""
"97,""asn"",""xgboost"",""4"",""0.9"",""12"",""1"",""0.926927877798756"""
"98,""smote"",""logistic_regression"",""4"",""0.9"",""8"",""1"",""0.939206542261784"""
"99,""asn"",""logistic_regression"",""4"",""0.95"",""16"",""1"",""0.928160044078584"""
"100,""smote"",""logistic_regression"",""4"",""0.85"",""4"",""1"",""0.943894535174714"""
"101,""smote"",""logistic_regression"",""4"",""0.99"",""6"",""1"",""0.943629103353977"""
"102,""smote"",""xgboost"",""4"",""0.85"",""6"",""1"",""0.929276556979275"""
"103,""smote"",""xgboost"",""4"",""0.8"",""8"",""1"",""0.933512537052513"""
"104,""smote"",""xgboost"",""4"",""0.95"",""4"",""1"",""0.935783570252141"""
"105,""smote"",""logistic_regression"",""4"",""0.9"",""35"",""1"",""0.940545643335628"""
"106,""asn"",""xgboost"",""4"",""0.95"",""30"",""1"",""0.927162997899982"""
"107,""smote"",""logistic_regression"",""4"",""0.8"",""2"",""1"",""0.943321943297953"""
"108,""asn"",""xgboost"",""4"",""0.95"",""40"",""1"",""0.923075898299896"""
"109,""asn"",""xgboost"",""4"",""0.8"",""10"",""1"",""0.920885923290042"""
"110,""asn"",""logistic_regression"",""4"",""0.95"",""8"",""1"",""0.928267232581059"""
"111,""smote"",""logistic_regression"",""4"",""0.8"",""40"",""1"",""0.939355694150448"""
"112,""asn"",""xgboost"",""4"",""0.95"",""40"",""1"",""0.924485352399628"""
"113,""smote"",""xgboost"",""4"",""0.99"",""40"",""1"",""0.944114124882272"""
"114,""smote"",""logistic_regression"",""4"",""0.95"",""25"",""1"",""0.942333812643306"""
"115,""smote"",""xgboost"",""4"",""0.8"",""4"",""1"",""0.929057784225011"""
"116,""smote"",""logistic_regression"",""4"",""0.95"",""12"",""1"",""0.941239125841062"""
"117,""smote"",""xgboost"",""4"",""0.8"",""30"",""1"",""0.935787024426127"""
"118,""smote"",""logistic_regression"",""4"",""0.99"",""12"",""1"",""0.943569263179705"""
"119,""smote"",""xgboost"",""4"",""0.95"",""30"",""1"",""0.940709328850808"""
"120,""asn"",""logistic_regression"",""4"",""0.8"",""40"",""1"",""0.925075695242858"""
"121,""smote"",""logistic_regression"",""4"",""0.9"",""40"",""1"",""0.944474578036976"""
"122,""asn"",""xgboost"",""4"",""0.85"",""12"",""1"",""0.922886415081667"""
"123,""asn"",""xgboost"",""4"",""0.85"",""50"",""1"",""0.919286228928928"""
"124,""asn"",""logistic_regression"",""4"",""0.9"",""16"",""1"",""0.927226876246433"""
"125,""asn"",""xgboost"",""4"",""0.8"",""8"",""1"",""0.918521876419835"""
"126,""smote"",""xgboost"",""4"",""0.8"",""2"",""1"",""0.930603045156694"""
"127,""asn"",""logistic_regression"",""4"",""0.8"",""40"",""1"",""0.927468146806746"""
"128,""smote"",""logistic_regression"",""4"",""0.95"",""4"",""1"",""0.941078888357608"""
"129,""smote"",""xgboost"",""4"",""0.85"",""20"",""1"",""0.933491123494642"""
"130,""smote"",""logistic_regression"",""4"",""0.99"",""12"",""1"",""0.941474504283568"""
"131,""smote"",""xgboost"",""4"",""0.99"",""12"",""1"",""0.938494324178679"""
"132,""smote"",""xgboost"",""4"",""0.9"",""10"",""1"",""0.929407614540557"""
"133,""asn"",""logistic_regression"",""4"",""0.9"",""20"",""1"",""0.924602512581361"""
"134,""asn"",""logistic_regression"",""4"",""0.99"",""20"",""1"",""0.935512373549991"""
"135,""smote"",""logistic_regression"",""4"",""0.85"",""10"",""1"",""0.940518443272722"""
"136,""asn"",""logistic_regression"",""4"",""0.8"",""70"",""1"",""0.925857849464842"""
"137,""smote"",""logistic_regression"",""4"",""0.99"",""25"",""1"",""0.941861018481407"""
"138,""smote"",""logistic_regression"",""4"",""0.99"",""8"",""1"",""0.939141112379889"""
"139,""asn"",""logistic_regression"",""4"",""0.95"",""25"",""1"",""0.930444054654919"""
"140,""smote"",""logistic_regression"",""4"",""0.95"",""10"",""1"",""0.945449952439286"""
"141,""smote"",""logistic_regression"",""4"",""0.9"",""40"",""1"",""0.938874219468068"""
"142,""smote"",""logistic_regression"",""4"",""0.95"",""60"",""1"",""0.938655660048672"""
"143,""smote"",""logistic_regression"",""4"",""0.99"",""35"",""1"",""0.944008729120486"""
"144,""smote"",""logistic_regression"",""4"",""0.95"",""6"",""1"",""0.942717686684416"""
"145,""smote"",""logistic_regression"",""4"",""0.8"",""20"",""1"",""0.939917323461023"""
"146,""asn"",""xgboost"",""4"",""0.95"",""2"",""1"",""0.929206802876141"""
"147,""asn"",""xgboost"",""4"",""0.99"",""30"",""1"",""0.935093540722217"""
"148,""smote"",""xgboost"",""4"",""0.8"",""40"",""1"",""0.935355707466542"""
"149,""asn"",""logistic_regression"",""4"",""0.9"",""6"",""1"",""0.926008758877402"""
"150,""asn"",""logistic_regression"",""4"",""0.8"",""20"",""1"",""0.923714473003234"""
"151,""smote"",""xgboost"",""4"",""0.8"",""4"",""1"",""0.932528026114402"""
"152,""smote"",""logistic_regression"",""4"",""0.8"",""30"",""1"",""0.938734595638815"""
"153,""smote"",""logistic_regression"",""4"",""0.99"",""10"",""1"",""0.942169822802394"""
"154,""asn"",""xgboost"",""4"",""0.8"",""30"",""1"",""0.917381024897391"""
"155,""smote"",""logistic_regression"",""4"",""0.95"",""40"",""1"",""0.940596431369586"""
"156,""asn"",""xgboost"",""4"",""0.99"",""2"",""1"",""0.931286704714327"""
"157,""smote"",""logistic_regression"",""4"",""0.99"",""70"",""1"",""0.942416262390443"""
"158,""smote"",""xgboost"",""4"",""0.99"",""12"",""1"",""0.938494324178679"""
"159,""smote"",""xgboost"",""4"",""0.9"",""10"",""1"",""0.929407614540557"""
"160,""asn"",""logistic_regression"",""4"",""0.85"",""16"",""1"",""0.925111343881268"""
"161,""asn"",""logistic_regression"",""4"",""0.95"",""8"",""1"",""0.929260889390613"""
"162,""asn"",""logistic_regression"",""4"",""0.85"",""50"",""1"",""0.92559245853536"""
"163,""asn"",""logistic_regression"",""4"",""0.9"",""8"",""1"",""0.925117547512793"""
"164,""smote"",""logistic_regression"",""4"",""0.99"",""4"",""1"",""0.941254836598269"""
"165,""smote"",""logistic_regression"",""4"",""0.9"",""8"",""1"",""0.940419996453649"""
"166,""smote"",""logistic_regression"",""4"",""0.99"",""10"",""1"",""0.940940942969344"""
"167,""asn"",""logistic_regression"",""4"",""0.85"",""70"",""1"",""0.926798036858608"""
"168,""asn"",""logistic_regression"",""4"",""0.85"",""50"",""1"",""0.924319204302086"""
"169,""asn"",""xgboost"",""4"",""0.85"",""40"",""1"",""0.920087047890017"""
"170,""asn"",""xgboost"",""4"",""0.9"",""2"",""1"",""0.919609770637613"""
"171,""smote"",""xgboost"",""4"",""0.85"",""6"",""1"",""0.928957378490941"""
"172,""smote"",""xgboost"",""4"",""0.99"",""6"",""1"",""0.938504734599462"""
"173,""smote"",""xgboost"",""4"",""0.85"",""50"",""1"",""0.931609817270574"""
"174,""smote"",""xgboost"",""4"",""0.8"",""12"",""1"",""0.93515141051096"""
"175,""smote"",""xgboost"",""4"",""0.99"",""16"",""1"",""0.945697914569084"""
"176,""asn"",""xgboost"",""4"",""0.9"",""60"",""1"",""0.920390104972061"""
"177,""smote"",""xgboost"",""4"",""0.8"",""25"",""1"",""0.92636502362911"""
"178,""smote"",""xgboost"",""4"",""0.95"",""40"",""1"",""0.934655687093761"""
"179,""asn"",""logistic_regression"",""4"",""0.95"",""2"",""1"",""0.928437000972878"""
"180,""asn"",""logistic_regression"",""4"",""0.95"",""16"",""1"",""0.92829220715184"""
"181,""asn"",""logistic_regression"",""4"",""0.99"",""35"",""1"",""0.933634970026527"""
"182,""smote"",""logistic_regression"",""4"",""0.99"",""12"",""1"",""0.942248373853757"""
"183,""asn"",""logistic_regression"",""4"",""0.8"",""16"",""1"",""0.926637168694446"""
"184,""smote"",""logistic_regression"",""4"",""0.8"",""16"",""1"",""0.943325574769395"""
"185,""asn"",""xgboost"",""4"",""0.9"",""40"",""1"",""0.922648177165106"""
"186,""smote"",""logistic_regression"",""4"",""0.8"",""2"",""1"",""0.941009037497373"""
"187,""smote"",""xgboost"",""4"",""0.85"",""50"",""1"",""0.937726523533989"""
"188,""smote"",""xgboost"",""4"",""0.99"",""12"",""1"",""0.943450164085194"""
"189,""smote"",""xgboost"",""4"",""0.99"",""35"",""1"",""0.945275401128504"""
"190,""asn"",""logistic_regression"",""4"",""0.99"",""70"",""1"",""0.930148937093348"""
"191,""asn"",""logistic_regression"",""4"",""0.85"",""12"",""1"",""0.925109211265633"""
"43,""smote"",""xgboost"",""4"",""0.8"",""20"",""1"",""0.929028830497744"""
"44,""asn"",""logistic_regression"",""4"",""0.9"",""6"",""1"",""0.927813811209692"""
"45,""asn"",""xgboost"",""4"",""0.8"",""12"",""1"",""0.920409231514262"""
"46,""smote"",""logistic_regression"",""4"",""0.95"",""20"",""1"",""0.939203198506519"""
"47,""smote"",""logistic_regression"",""4"",""0.99"",""60"",""1"",""0.939828577719947"""
"48,""asn"",""xgboost"",""4"",""0.9"",""50"",""1"",""0.920532235079392"""
"49,""asn"",""logistic_regression"",""4"",""0.95"",""12"",""1"",""0.928383823390771"""
"50,""smote"",""xgboost"",""4"",""0.99"",""8"",""1"",""0.941808267991981"""
"51,""asn"",""xgboost"",""4"",""0.8"",""2"",""1"",""0.921637547505329"""
"52,""asn"",""logistic_regression"",""4"",""0.85"",""2"",""1"",""0.925224100289902"""
"53,""asn"",""logistic_regression"",""4"",""0.9"",""40"",""1"",""0.922763195456755"""
"54,""smote"",""xgboost"",""4"",""0.9"",""30"",""1"",""0.931655472586316"""
"55,""smote"",""xgboost"",""4"",""0.8"",""50"",""1"",""0.935138734198517"""
"56,""smote"",""xgboost"",""4"",""0.95"",""25"",""1"",""0.934150374945328"""
"57,""smote"",""xgboost"",""4"",""0.99"",""8"",""1"",""0.943332050480283"""
"58,""asn"",""logistic_regression"",""4"",""0.95"",""2"",""1"",""0.927779467474526"""
"59,""smote"",""xgboost"",""4"",""0.85"",""16"",""1"",""0.930754974965886"""
"60,""asn"",""logistic_regression"",""4"",""0.85"",""25"",""1"",""0.927482889462782"""
"61,""smote"",""logistic_regression"",""4"",""0.85"",""60"",""1"",""0.942090272158453"""
"62,""smote"",""xgboost"",""4"",""0.8"",""25"",""1"",""0.932964783907829"""
"63,""asn"",""xgboost"",""4"",""0.99"",""12"",""1"",""0.932896248879995"""
"64,""smote"",""logistic_regression"",""4"",""0.9"",""30"",""1"",""0.939501687936991"""
"65,""smote"",""logistic_regression"",""4"",""0.9"",""50"",""1"",""0.941778603393222"""
"66,""smote"",""xgboost"",""4"",""0.9"",""8"",""1"",""0.930867564313997"""
"67,""asn"",""xgboost"",""4"",""0.99"",""35"",""1"",""0.934157899506435"""
"68,""asn"",""xgboost"",""4"",""0.95"",""8"",""1"",""0.923326500296307"""
"69,""smote"",""xgboost"",""4"",""0.8"",""10"",""1"",""0.92975870083878"""
"70,""smote"",""xgboost"",""4"",""0.9"",""4"",""1"",""0.936021744465108"""
"71,""asn"",""logistic_regression"",""4"",""0.9"",""50"",""1"",""0.925809267396468"""
"72,""asn"",""xgboost"",""4"",""0.99"",""10"",""1"",""0.933669744656998"""
"73,""smote"",""logistic_regression"",""4"",""0.95"",""60"",""1"",""0.940248403737439"""
"74,""smote"",""logistic_regression"",""4"",""0.99"",""70"",""1"",""0.938879647407219"""
"75,""smote"",""xgboost"",""4"",""0.8"",""60"",""1"",""0.936100474537674"""
"76,""smote"",""logistic_regression"",""4"",""0.99"",""8"",""1"",""0.93978915173804"""
"77,""asn"",""logistic_regression"",""4"",""0.9"",""4"",""1"",""0.927814869967856"""
"78,""smote"",""xgboost"",""4"",""0.8"",""70"",""1"",""0.931821988643468"""
"79,""asn"",""logistic_regression"",""4"",""0.8"",""12"",""1"",""0.92565413878107"""
"80,""smote"",""logistic_regression"",""4"",""0.8"",""4"",""1"",""0.942676611870607"""
"81,""asn"",""xgboost"",""4"",""0.9"",""35"",""1"",""0.920500612307"""
"82,""asn"",""logistic_regression"",""4"",""0.8"",""60"",""1"",""0.929221523903128"""
"83,""asn"",""logistic_regression"",""4"",""0.8"",""12"",""1"",""0.923426350264568"""
"84,""smote"",""logistic_regression"",""4"",""0.85"",""30"",""1"",""0.94021450929605"""
"85,""asn"",""logistic_regression"",""4"",""0.85"",""50"",""1"",""0.926821338879865"""
"86,""asn"",""xgboost"",""4"",""0.85"",""16"",""1"",""0.921669709860671"""
"87,""smote"",""logistic_regression"",""4"",""0.9"",""70"",""1"",""0.942625863888502"""
"88,""asn"",""logistic_regression"",""4"",""0.85"",""12"",""1"",""0.926799685230571"""
"89,""smote"",""logistic_regression"",""4"",""0.85"",""8"",""1"",""0.940821629604115"""
"90,""smote"",""xgboost"",""4"",""0.8"",""60"",""1"",""0.929676777798546"""
"91,""smote"",""xgboost"",""4"",""0.95"",""50"",""1"",""0.936388772137251"""
"92,""smote"",""xgboost"",""4"",""0.8"",""35"",""1"",""0.930630894433955"""
"93,""asn"",""logistic_regression"",""4"",""0.9"",""12"",""1"",""0.925632627640432"""
"94,""smote"",""xgboost"",""4"",""0.95"",""8"",""1"",""0.932673482793875"""
"95,""asn"",""logistic_regression"",""4"",""0.95"",""16"",""1"",""0.928472378724514"""
"96,""asn"",""xgboost"",""4"",""0.95"",""10"",""1"",""0.924024547430404"""
"97,""asn"",""logistic_regression"",""4"",""0.95"",""10"",""1"",""0.918789347315684"""
"98,""asn"",""logistic_regression"",""4"",""0.8"",""50"",""1"",""0.922426485329099"""
"99,""smote"",""logistic_regression"",""4"",""0.99"",""35"",""1"",""0.942350108087343"""
"100,""smote"",""logistic_regression"",""4"",""0.85"",""4"",""1"",""0.941979078069132"""
"101,""smote"",""xgboost"",""4"",""0.99"",""40"",""1"",""0.943667022268917"""
"102,""smote"",""logistic_regression"",""4"",""0.8"",""12"",""1"",""0.943164019626141"""
"103,""asn"",""xgboost"",""4"",""0.95"",""6"",""1"",""0.925608453023676"""
"104,""asn"",""logistic_regression"",""4"",""0.9"",""60"",""1"",""0.927865306725492"""
"105,""asn"",""logistic_regression"",""4"",""0.95"",""60"",""1"",""0.927131907165321"""
"106,""smote"",""logistic_regression"",""4"",""0.99"",""12"",""1"",""0.934944415116975"""
"107,""asn"",""xgboost"",""4"",""0.85"",""10"",""1"",""0.923891894062756"""
"108,""asn"",""logistic_regression"",""4"",""0.85"",""12"",""1"",""0.928702694222256"""
"109,""smote"",""xgboost"",""4"",""0.8"",""20"",""1"",""0.929028830497744"""
"110,""asn"",""logistic_regression"",""4"",""0.9"",""6"",""1"",""0.927813811209692"""
"111,""asn"",""xgboost"",""4"",""0.8"",""12"",""1"",""0.920409231514262"""
"112,""smote"",""logistic_regression"",""4"",""0.95"",""20"",""1"",""0.939203198506519"""
"113,""smote"",""logistic_regression"",""4"",""0.99"",""60"",""1"",""0.939828577719947"""
"114,""asn"",""xgboost"",""4"",""0.9"",""50"",""1"",""0.920532235079392"""
"115,""asn"",""logistic_regression"",""4"",""0.95"",""12"",""1"",""0.928383823390771"""
"116,""smote"",""xgboost"",""4"",""0.99"",""8"",""1"",""0.941808267991981"""
"117,""asn"",""xgboost"",""4"",""0.8"",""2"",""1"",""0.921637547505329"""
"118,""asn"",""logistic_regression"",""4"",""0.85"",""2"",""1"",""0.925224100289902"""
"119,""asn"",""logistic_regression"",""4"",""0.9"",""40"",""1"",""0.922763195456755"""
"120,""smote"",""xgboost"",""4"",""0.9"",""30"",""1"",""0.931655472586316"""
"121,""smote"",""xgboost"",""4"",""0.8"",""50"",""1"",""0.935138734198517"""
"122,""smote"",""xgboost"",""4"",""0.95"",""25"",""1"",""0.934150374945328"""
"123,""smote"",""xgboost"",""4"",""0.99"",""8"",""1"",""0.943332050480283"""
"124,""asn"",""logistic_regression"",""4"",""0.95"",""2"",""1"",""0.927779467474526"""
"125,""smote"",""xgboost"",""4"",""0.85"",""16"",""1"",""0.930754974965886"""
"126,""asn"",""logistic_regression"",""4"",""0.85"",""25"",""1"",""0.927482889462782"""
"127,""smote"",""logistic_regression"",""4"",""0.85"",""60"",""1"",""0.942090272158453"""
"128,""smote"",""xgboost"",""4"",""0.8"",""25"",""1"",""0.932964783907829"""
"129,""asn"",""xgboost"",""4"",""0.99"",""12"",""1"",""0.932896248879995"""
"130,""smote"",""logistic_regression"",""4"",""0.9"",""30"",""1"",""0.939501687936991"""
"131,""smote"",""logistic_regression"",""4"",""0.9"",""50"",""1"",""0.941778603393222"""
"132,""smote"",""xgboost"",""4"",""0.9"",""8"",""1"",""0.930867564313997"""
"133,""asn"",""xgboost"",""4"",""0.99"",""35"",""1"",""0.934157899506435"""
"134,""asn"",""xgboost"",""4"",""0.95"",""8"",""1"",""0.923326500296307"""
"135,""smote"",""xgboost"",""4"",""0.8"",""10"",""1"",""0.92975870083878"""
"136,""smote"",""xgboost"",""4"",""0.9"",""4"",""1"",""0.936021744465108"""
"137,""asn"",""logistic_regression"",""4"",""0.9"",""50"",""1"",""0.925809267396468"""
"138,""asn"",""xgboost"",""4"",""0.99"",""10"",""1"",""0.933669744656998"""
"139,""smote"",""logistic_regression"",""4"",""0.95"",""60"",""1"",""0.940248403737439"""
"140,""smote"",""logistic_regression"",""4"",""0.99"",""70"",""1"",""0.938879647407219"""
"141,""smote"",""xgboost"",""4"",""0.8"",""60"",""1"",""0.936100474537674"""
"142,""smote"",""logistic_regression"",""4"",""0.99"",""8"",""1"",""0.93978915173804"""
"143,""asn"",""logistic_regression"",""4"",""0.9"",""4"",""1"",""0.927814869967856"""
"144,""smote"",""xgboost"",""4"",""0.8"",""70"",""1"",""0.931821988643468"""
"145,""asn"",""logistic_regression"",""4"",""0.8"",""12"",""1"",""0.92565413878107"""
"146,""smote"",""logistic_regression"",""4"",""0.8"",""4"",""1"",""0.942676611870607"""
"147,""asn"",""xgboost"",""4"",""0.9"",""35"",""1"",""0.920500612307"""
"148,""asn"",""logistic_regression"",""4"",""0.8"",""60"",""1"",""0.929221523903128"""
"149,""asn"",""logistic_regression"",""4"",""0.8"",""12"",""1"",""0.923426350264568"""
"150,""smote"",""logistic_regression"",""4"",""0.85"",""30"",""1"",""0.94021450929605"""
"151,""asn"",""logistic_regression"",""4"",""0.85"",""50"",""1"",""0.926821338879865"""
"152,""asn"",""xgboost"",""4"",""0.85"",""16"",""1"",""0.921669709860671"""
"153,""smote"",""logistic_regression"",""4"",""0.9"",""70"",""1"",""0.942625863888502"""
"154,""asn"",""logistic_regression"",""4"",""0.85"",""12"",""1"",""0.926799685230571"""
"155,""smote"",""logistic_regression"",""4"",""0.85"",""8"",""1"",""0.940821629604115"""
"156,""smote"",""xgboost"",""4"",""0.8"",""60"",""1"",""0.929676777798546"""
"157,""smote"",""xgboost"",""4"",""0.95"",""50"",""1"",""0.936388772137251"""
"158,""smote"",""xgboost"",""4"",""0.8"",""35"",""1"",""0.930630894433955"""
"159,""asn"",""logistic_regression"",""4"",""0.9"",""12"",""1"",""0.925632627640432"""
"160,""smote"",""xgboost"",""4"",""0.95"",""8"",""1"",""0.932673482793875"""
"161,""asn"",""logistic_regression"",""4"",""0.95"",""16"",""1"",""0.928472378724514"""
"162,""asn"",""xgboost"",""4"",""0.95"",""10"",""1"",""0.924024547430404"""
"163,""asn"",""logistic_regression"",""4"",""0.95"",""10"",""1"",""0.918789347315684"""
"164,""asn"",""logistic_regression"",""4"",""0.8"",""50"",""1"",""0.922426485329099"""
"165,""smote"",""logistic_regression"",""4"",""0.99"",""35"",""1"",""0.942350108087343"""
"166,""smote"",""logistic_regression"",""4"",""0.85"",""4"",""1"",""0.941979078069132"""
"167,""smote"",""xgboost"",""4"",""0.99"",""40"",""1"",""0.943667022268917"""
"168,""smote"",""logistic_regression"",""4"",""0.8"",""12"",""1"",""0.943164019626141"""
"169,""asn"",""xgboost"",""4"",""0.95"",""6"",""1"",""0.925608453023676"""
"170,""asn"",""logistic_regression"",""4"",""0.9"",""60"",""1"",""0.927865306725492"""
"171,""asn"",""logistic_regression"",""4"",""0.95"",""60"",""1"",""0.927131907165321"""
"172,""smote"",""logistic_regression"",""4"",""0.99"",""12"",""1"",""0.934944415116975"""
"173,""asn"",""xgboost"",""4"",""0.85"",""10"",""1"",""0.923891894062756"""
"174,""asn"",""logistic_regression"",""4"",""0.85"",""12"",""1"",""0.928702694222256"""
"175,""smote"",""xgboost"",""4"",""0.8"",""20"",""1"",""0.929028830497744"""
"176,""asn"",""logistic_regression"",""4"",""0.9"",""6"",""1"",""0.927813811209692"""
"177,""asn"",""xgboost"",""4"",""0.8"",""12"",""1"",""0.920409231514262"""
"178,""smote"",""logistic_regression"",""4"",""0.95"",""20"",""1"",""0.939203198506519"""
"179,""smote"",""logistic_regression"",""4"",""0.99"",""60"",""1"",""0.939828577719947"""
"180,""asn"",""xgboost"",""4"",""0.9"",""50"",""1"",""0.920532235079392"""
"181,""asn"",""logistic_regression"",""4"",""0.95"",""12"",""1"",""0.928383823390771"""
"182,""smote"",""xgboost"",""4"",""0.99"",""8"",""1"",""0.941808267991981"""
"183,""asn"",""xgboost"",""4"",""0.8"",""2"",""1"",""0.921637547505329"""
"184,""asn"",""logistic_regression"",""4"",""0.85"",""2"",""1"",""0.925224100289902"""
"185,""asn"",""logistic_regression"",""4"",""0.9"",""40"",""1"",""0.922763195456755"""
"186,""smote"",""xgboost"",""4"",""0.9"",""30"",""1"",""0.931655472586316"""
"187,""smote"",""xgboost"",""4"",""0.8"",""50"",""1"",""0.935138734198517"""
"188,""smote"",""xgboost"",""4"",""0.95"",""25"",""1"",""0.934150374945328"""
"189,""smote"",""xgboost"",""4"",""0.99"",""8"",""1"",""0.943332050480283"""
"190,""asn"",""logistic_regression"",""4"",""0.95"",""2"",""1"",""0.927779467474526"""
"191,""smote"",""xgboost"",""4"",""0.85"",""16"",""1"",""0.930754974965886"""
"192,""asn"",""logistic_regression"",""4"",""0.85"",""25"",""1"",""0.927482889462782"""
"193,""smote"",""logistic_regression"",""4"",""0.85"",""60"",""1"",""0.942090272158453"""
"194,""smote"",""xgboost"",""4"",""0.8"",""25"",""1"",""0.932964783907829"""
"195,""asn"",""xgboost"",""4"",""0.99"",""12"",""1"",""0.932896248879995"""
"196,""smote"",""logistic_regression"",""4"",""0.9"",""30"",""1"",""0.939501687936991"""
"197,""smote"",""logistic_regression"",""4"",""0.9"",""50"",""1"",""0.941778603393222"""
"198,""smote"",""xgboost"",""4"",""0.9"",""8"",""1"",""0.930867564313997"""
"199,""asn"",""xgboost"",""4"",""0.99"",""35"",""1"",""0.934157899506435"""
"200,""asn"",""xgboost"",""4"",""0.95"",""8"",""1"",""0.923326500296307"""
"201,""smote"",""xgboost"",""4"",""0.8"",""10"",""1"",""0.92975870083878"""
"202,""smote"",""xgboost"",""4"",""0.9"",""4"",""1"",""0.936021744465108"""
"203,""asn"",""logistic_regression"",""4"",""0.9"",""50"",""1"",""0.925809267396468"""
"204,""asn"",""xgboost"",""4"",""0.99"",""10"",""1"",""0.933669744656998"""
"205,""smote"",""logistic_regression"",""4"",""0.95"",""60"",""1"",""0.940248403737439"""
"206,""smote"",""logistic_regression"",""4"",""0.99"",""70"",""1"",""0.938879647407219"""
"207,""smote"",""xgboost"",""4"",""0.8"",""60"",""1"",""0.936100474537674"""
"208,""smote"",""logistic_regression"",""4"",""0.99"",""8"",""1"",""0.93978915173804"""
"209,""asn"",""logistic_regression"",""4"",""0.9"",""4"",""1"",""0.927814869967856"""
"210,""smote"",""xgboost"",""4"",""0.8"",""70"",""1"",""0.931821988643468"""
"211,""asn"",""logistic_regression"",""4"",""0.8"",""12"",""1"",""0.92565413878107"""
"212,""smote"",""logistic_regression"",""4"",""0.8"",""4"",""1"",""0.942676611870607"""
"213,""asn"",""xgboost"",""4"",""0.9"",""35"",""1"",""0.920500612307"""
"214,""asn"",""logistic_regression"",""4"",""0.8"",""60"",""1"",""0.929221523903128"""
"215,""asn"",""logistic_regression"",""4"",""0.8"",""12"",""1"",""0.923426350264568"""
"216,""smote"",""logistic_regression"",""4"",""0.85"",""30"",""1"",""0.94021450929605"""
"217,""asn"",""logistic_regression"",""4"",""0.85"",""50"",""1"",""0.926821338879865"""
"218,""asn"",""xgboost"",""4"",""0.85"",""16"",""1"",""0.921669709860671"""
"219,""smote"",""logistic_regression"",""4"",""0.9"",""70"",""1"",""0.942625863888502"""
"220,""asn"",""logistic_regression"",""4"",""0.85"",""12"",""1"",""0.926799685230571"""
"221,""smote"",""logistic_regression"",""4"",""0.85"",""8"",""1"",""0.940821629604115"""
"222,""smote"",""xgboost"",""4"",""0.8"",""60"",""1"",""0.929676777798546"""
"223,""smote"",""xgboost"",""4"",""0.95"",""50"",""1"",""0.936388772137251"""
"224,""smote"",""xgboost"",""4"",""0.8"",""35"",""1"",""0.930630894433955"""
"225,""asn"",""logistic_regression"",""4"",""0.9"",""12"",""1"",""0.925632627640432"""
"226,""smote"",""xgboost"",""4"",""0.95"",""8"",""1"",""0.932673482793875"""
"227,""asn"",""logistic_regression"",""4"",""0.95"",""16"",""1"",""0.928472378724514"""
"228,""asn"",""xgboost"",""4"",""0.95"",""10"",""1"",""0.924024547430404"""
"229,""asn"",""logistic_regression"",""4"",""0.95"",""10"",""1"",""0.918789347315684"""
"230,""asn"",""logistic_regression"",""4"",""0.8"",""50"",""1"",""0.922426485329099"""
"231,""smote"",""logistic_regression"",""4"",""0.99"",""35"",""1"",""0.942350108087343"""
"232,""smote"",""logistic_regression"",""4"",""0.85"",""4"",""1"",""0.941979078069132"""
"233,""smote"",""xgboost"",""4"",""0.99"",""40"",""1"",""0.943667022268917"""
"234,""smote"",""logistic_regression"",""4"",""0.8"",""12"",""1"",""0.943164019626141"""
"235,""asn"",""xgboost"",""4"",""0.95"",""6"",""1"",""0.925608453023676"""
"236,""asn"",""logistic_regression"",""4"",""0.9"",""60"",""1"",""0.927865306725492"""
"237,""asn"",""logistic_regression"",""4"",""0.95"",""60"",""1"",""0.927131907165321"""
"238,""smote"",""logistic_regression"",""4"",""0.99"",""12"",""1"",""0.934944415116975"""
"239,""asn"",""xgboost"",""4"",""0.85"",""10"",""1"",""0.923891894062756"""
"240,""asn"",""logistic_regression"",""4"",""0.85"",""12"",""1"",""0.928702694222256"""
"241,""smote"",""xgboost"",""4"",""0.8"",""20"",""1"",""0.929028830497744"""
"242,""asn"",""logistic_regression"",""4"",""0.9"",""6"",""1"",""0.927813811209692"""
"243,""asn"",""xgboost"",""4"",""0.8"",""12"",""1"",""0.920409231514262"""
"244,""smote"",""logistic_regression"",""4"",""0.95"",""20"",""1"",""0.939203198506519"""
"245,""smote"",""logistic_regression"",""4"",""0.99"",""60"",""1"",""0.939828577719947"""
"246,""asn"",""xgboost"",""4"",""0.9"",""50"",""1"",""0.920532235079392"""
"247,""asn"",""logistic_regression"",""4"",""0.95"",""12"",""1"",""0.928383823390771"""
"248,""smote"",""xgboost"",""4"",""0.99"",""8"",""1"",""0.941808267991981"""
"249,""asn"",""xgboost"",""4"",""0.8"",""2"",""1"",""0.921637547505329"""
"250,""asn"",""logistic_regression"",""4"",""0.85"",""2"",""1"",""0.925224100289902"""
"251,""asn"",""logistic_regression"",""4"",""0.9"",""40"",""1"",""0.922763195456755"""
"252,""smote"",""xgboost"",""4"",""0.9"",""30"",""1"",""0.931655472586316"""
"253,""smote"",""xgboost"",""4"",""0.8"",""50"",""1"",""0.935138734198517"""
"254,""smote"",""xgboost"",""4"",""0.95"",""25"",""1"",""0.934150374945328"""
"255,""smote"",""xgboost"",""4"",""0.99"",""8"",""1"",""0.943332050480283"""
"256,""asn"",""logistic_regression"",""4"",""0.95"",""2"",""1"",""0.927779467474526"""
"257,""smote"",""xgboost"",""4"",""0.85"",""16"",""1"",""0.930754974965886"""
"258,""asn"",""logistic_regression"",""4"",""0.85"",""25"",""1"",""0.927482889462782"""
"259,""smote"",""logistic_regression"",""4"",""0.85"",""60"",""1"",""0.942090272158453"""
"260,""smote"",""xgboost"",""4"",""0.8"",""25"",""1"",""0.932964783907829"""
"261,""asn"",""xgboost"",""4"",""0.99"",""12"",""1"",""0.932896248879995"""
"262,""smote"",""logistic_regression"",""4"",""0.9"",""30"",""1"",""0.939501687936991"""
"263,""smote"",""logistic_regression"",""4"",""0.9"",""50"",""1"",""0.941778603393222"""
"264,""smote"",""xgboost"",""4"",""0.9"",""8"",""1"",""0.930867564313997"""
"265,""asn"",""xgboost"",""4"",""0.99"",""35"",""1"",""0.934157899506435"""
"266,""asn"",""xgboost"",""4"",""0.95"",""8"",""1"",""0.923326500296307"""
"267,""smote"",""xgboost"",""4"",""0.8"",""10"",""1"",""0.92975870083878"""
"268,""smote"",""xgboost"",""4"",""0.9"",""4"",""1"",""0.936021744465108"""
"269,""asn"",""logistic_regression"",""4"",""0.9"",""50"",""1"",""0.925809267396468"""
"270,""asn"",""xgboost"",""4"",""0.99"",""10"",""1"",""0.933669744656998"""
"271,""smote"",""logistic_regression"",""4"",""0.95"",""60"",""1"",""0.940248403737439"""
"272,""smote"",""logistic_regression"",""4"",""0.99"",""70"",""1"",""0.938879647407219"""
"273,""smote"",""xgboost"",""4"",""0.8"",""60"",""1"",""0.936100474537674"""
"274,""smote"",""logistic_regression"",""4"",""0.99"",""8"",""1"",""0.93978915173804"""
"275,""asn"",""logistic_regression"",""4"",""0.9"",""4"",""1"",""0.927814869967856"""
"276,""smote"",""xgboost"",""4"",""0.8"",""70"",""1"",""0.931821988643468"""
"277,""asn"",""logistic_regression"",""4"",""0.8"",""12"",""1"",""0.92565413878107"""
"278,""smote"",""logistic_regression"",""4"",""0.8"",""4"",""1"",""0.942676611870607"""
"279,""asn"",""xgboost"",""4"",""0.9"",""35"",""1"",""0.920500612307"""
"280,""asn"",""logistic_regression"",""4"",""0.8"",""60"",""1"",""0.929221523903128"""
"281,""asn"",""logistic_regression"",""4"",""0.8"",""12"",""1"",""0.923426350264568"""
"282,""smote"",""logistic_regression"",""4"",""0.85"",""30"",""1"",""0.94021450929605"""
"283,""asn"",""logistic_regression"",""4"",""0.85"",""50"",""1"",""0.926821338879865"""
"284,""asn"",""xgboost"",""4"",""0.85"",""16"",""1"",""0.921669709860671"""
"285,""smote"",""logistic_regression"",""4"",""0.9"",""70"",""1"",""0.942625863888502"""
"286,""asn"",""logistic_regression"",""4"",""0.85"",""12"",""1"",""0.926799685230571"""
"287,""smote"",""logistic_regression"",""4"",""0.85"",""8"",""1"",""0.940821629604115"""
"288,""smote"",""xgboost"",""4"",""0.8"",""60"",""1"",""0.929676777798546"""
"289,""smote"",""xgboost"",""4"",""0.95"",""50"",""1"",""0.936388772137251"""
"290,""smote"",""xgboost"",""4"",""0.8"",""35"",""1"",""0.930630894433955"""
"291,""asn"",""logistic_regression"",""4"",""0.9"",""12"",""1"",""0.925632627640432"""
"292,""smote"",""xgboost"",""4"",""0.95"",""8"",""1"",""0.932673482793875"""
"293,""asn"",""logistic_regression"",""4"",""0.95"",""16"",""1"",""0.928472378724514"""
"294,""asn"",""xgboost"",""4"",""0.95"",""10"",""1"",""0.924024547430404"""
"295,""asn"",""logistic_regression"",""4"",""0.95"",""10"",""1"",""0.918789347315684"""
"296,""asn"",""logistic_regression"",""4"",""0.8"",""50"",""1"",""0.922426485329099"""
"297,""smote"",""logistic_regression"",""4"",""0.99"",""35"",""1"",""0.942350108087343"""
"298,""smote"",""logistic_regression"",""4"",""0.85"",""4"",""1"",""0.941979078069132"""
"299,""smote"",""xgboost"",""4"",""0.99"",""40"",""1"",""0.943667022268917"""
"300,""smote"",""logistic_regression"",""4"",""0.8"",""12"",""1"",""0.943164019626141"""
"301,""asn"",""xgboost"",""4"",""0.95"",""6"",""1"",""0.925608453023676"""
"302,""asn"",""logistic_regression"",""4"",""0.9"",""60"",""1"",""0.927865306725492"""
"303,""asn"",""logistic_regression"",""4"",""0.95"",""60"",""1"",""0.927131907165321"""
"304,""smote"",""logistic_regression"",""4"",""0.99"",""12"",""1"",""0.934944415116975"""
"305,""asn"",""xgboost"",""4"",""0.85"",""10"",""1"",""0.923891894062756"""
"306,""asn"",""logistic_regression"",""4"",""0.85"",""12"",""1"",""0.928702694222256"""
"307,""smote"",""xgboost"",""4"",""0.8"",""20"",""1"",""0.929028830497744"""
"308,""asn"",""logistic_regression"",""4"",""0.9"",""6"",""1"",""0.927813811209692"""
"309,""asn"",""xgboost"",""4"",""0.8"",""12"",""1"",""0.920409231514262"""
"310,""smote"",""logistic_regression"",""4"",""0.95"",""20"",""1"",""0.939203198506519"""
"311,""smote"",""logistic_regression"",""4"",""0.99"",""60"",""1"",""0.939828577719947"""
"312,""asn"",""xgboost"",""4"",""0.9"",""50"",""1"",""0.920532235079392"""
"313,""asn"",""logistic_regression"",""4"",""0.95"",""12"",""1"",""0.928383823390771"""
"314,""smote"",""xgboost"",""4"",""0.99"",""8"",""1"",""0.941808267991981"""
"315,""asn"",""xgboost"",""4"",""0.8"",""2"",""1"",""0.921637547505329"""
"316,""asn"",""logistic_regression"",""4"",""0.85"",""2"",""1"",""0.925224100289902"""
"317,""asn"",""logistic_regression"",""4"",""0.9"",""40"",""1"",""0.922763195456755"""
"318,""smote"",""xgboost"",""4"",""0.9"",""30"",""1"",""0.931655472586316"""
"319,""smote"",""xgboost"",""4"",""0.8"",""50"",""1"",""0.935138734198517"""
"320,""smote"",""xgboost"",""4"",""0.95"",""25"",""1"",""0.934150374945328"""
"321,""smote"",""xgboost"",""4"",""0.99"",""8"",""1"",""0.943332050480283"""
"322,""asn"",""logistic_regression"",""4"",""0.95"",""2"",""1"",""0.927779467474526"""
"323,""smote"",""xgboost"",""4"",""0.85"",""16"",""1"",""0.930754974965886"""
"324,""asn"",""logistic_regression"",""4"",""0.85"",""25"",""1"",""0.927482889462782"""
"325,""smote"",""logistic_regression"",""4"",""0.85"",""60"",""1"",""0.942090272158453"""
"326,""smote"",""xgboost"",""4"",""0.8"",""25"",""1"",""0.932964783907829"""
"327,""asn"",""xgboost"",""4"",""0.99"",""12"",""1"",""0.932896248879995"""
"328,""smote"",""logistic_regression"",""4"",""0.9"",""30"",""1"",""0.939501687936991"""
"329,""smote"",""logistic_regression"",""4"",""0.9"",""50"",""1"",""0.941778603393222"""
"330,""smote"",""xgboost"",""4"",""0.9"",""8"",""1"",""0.930867564313997"""
"331,""asn"",""xgboost"",""4"",""0.99"",""35"",""1"",""0.934157899506435"""
"332,""asn"",""xgboost"",""4"",""0.95"",""8"",""1"",""0.923326500296307"""
"333,""smote"",""xgboost"",""4"",""0.8"",""10"",""1"",""0.92975870083878"""
"334,""smote"",""xgboost"",""4"",""0.9"",""4"",""1"",""0.936021744465108"""
"335,""asn"",""logistic_regression"",""4"",""0.9"",""50"",""1"",""0.925809267396468"""
"336,""asn"",""xgboost"",""4"",""0.99"",""10"",""1"",""0.933669744656998"""
"337,""smote"",""logistic_regression"",""4"",""0.95"",""60"",""1"",""0.940248403737439"""
"338,""smote"",""logistic_regression"",""4"",""0.99"",""70"",""1"",""0.938879647407219"""
"339,""smote"",""xgboost"",""4"",""0.8"",""60"",""1"",""0.936100474537674"""
"340,""smote"",""logistic_regression"",""4"",""0.99"",""8"",""1"",""0.93978915173804"""
"341,""asn"",""logistic_regression"",""4"",""0.9"",""4"",""1"",""0.927814869967856"""
"342,""smote"",""xgboost"",""4"",""0.8"",""70"",""1"",""0.931821988643468"""
"343,""asn"",""logistic_regression"",""4"",""0.8"",""12"",""1"",""0.92565413878107"""
"344,""smote"",""logistic_regression"",""4"",""0.8"",""4"",""1"",""0.942676611870607"""
"345,""asn"",""xgboost"",""4"",""0.9"",""35"",""1"",""0.920500612307"""
"346,""asn"",""logistic_regression"",""4"",""0.8"",""60"",""1"",""0.929221523903128"""
"347,""asn"",""logistic_regression"",""4"",""0.8"",""12"",""1"",""0.923426350264568"""
"348,""smote"",""logistic_regression"",""4"",""0.85"",""30"",""1"",""0.94021450929605"""
"349,""asn"",""logistic_regression"",""4"",""0.85"",""50"",""1"",""0.926821338879865"""
"350,""asn"",""xgboost"",""4"",""0.85"",""16"",""1"",""0.921669709860671"""
"351,""smote"",""logistic_regression"",""4"",""0.9"",""70"",""1"",""0.942625863888502"""
"352,""asn"",""logistic_regression"",""4"",""0.85"",""12"",""1"",""0.926799685230571"""
"353,""smote"",""logistic_regression"",""4"",""0.85"",""8"",""1"",""0.940821629604115"""
"354,""smote"",""xgboost"",""4"",""0.8"",""60"",""1"",""0.929676777798546"""
"355,""smote"",""xgboost"",""4"",""0.95"",""50"",""1"",""0.936388772137251"""
"356,""smote"",""xgboost"",""4"",""0.8"",""35"",""1"",""0.930630894433955"""
"357,""asn"",""logistic_regression"",""4"",""0.9"",""12"",""1"",""0.925632627640432"""
"358,""smote"",""xgboost"",""4"",""0.95"",""8"",""1"",""0.932673482793875"""
"359,""asn"",""logistic_regression"",""4"",""0.95"",""16"",""1"",""0.928472378724514"""
"360,""asn"",""xgboost"",""4"",""0.95"",""10"",""1"",""0.924024547430404"""
"361,""asn"",""logistic_regression"",""4"",""0.95"",""10"",""1"",""0.918789347315684"""
"362,""asn"",""logistic_regression"",""4"",""0.8"",""50"",""1"",""0.922426485329099"""
"363,""smote"",""logistic_regression"",""4"",""0.99"",""35"",""1"",""0.942350108087343"""
"364,""smote"",""logistic_regression"",""4"",""0.85"",""4"",""1"",""0.941979078069132"""
"365,""smote"",""xgboost"",""4"",""0.99"",""40"",""1"",""0.943667022268917"""
"366,""smote"",""logistic_regression"",""4"",""0.8"",""12"",""1"",""0.943164019626141"""
"367,""asn"",""xgboost"",""4"",""0.95"",""6"",""1"",""0.925608453023676"""
"368,""asn"",""logistic_regression"",""4"",""0.9"",""60"",""1"",""0.927865306725492"""
"369,""asn"",""logistic_regression"",""4"",""0.95"",""60"",""1"",""0.927131907165321"""
"370,""smote"",""logistic_regression"",""4"",""0.99"",""12"",""1"",""0.934944415116975"""
"371,""asn"",""xgboost"",""4"",""0.85"",""10"",""1"",""0.923891894062756"""
"372,""asn"",""logistic_regression"",""4"",""0.85"",""12"",""1"",""0.928702694222256"""
"373,""smote"",""xgboost"",""4"",""0.8"",""20"",""1"",""0.929028830497744"""
"374,""asn"",""logistic_regression"",""4"",""0.9"",""6"",""1"",""0.927813811209692"""
"375,""asn"",""xgboost"",""4"",""0.8"",""12"",""1"",""0.920409231514262"""
"376,""smote"",""logistic_regression"",""4"",""0.95"",""20"",""1"",""0.939203198506519"""
"377,""smote"",""logistic_regression"",""4"",""0.99"",""60"",""1"",""0.939828577719947"""
"378,""asn"",""xgboost"",""4"",""0.9"",""50"",""1"",""0.920532235079392"""
"379,""asn"",""logistic_regression"",""4"",""0.95"",""12"",""1"",""0.928383823390771"""
"380,""smote"",""xgboost"",""4"",""0.99"",""8"",""1"",""0.941808267991981"""
"381,""asn"",""xgboost"",""4"",""0.8"",""2"",""1"",""0.921637547505329"""
"382,""asn"",""logistic_regression"",""4"",""0.85"",""2"",""1"",""0.925224100289902"""
"383,""asn"",""logistic_regression"",""4"",""0.9"",""40"",""1"",""0.922763195456755"""
"384,""smote"",""xgboost"",""4"",""0.9"",""30"",""1"",""0.931655472586316"""
"385,""smote"",""xgboost"",""4"",""0.8"",""50"",""1"",""0.935138734198517"""
"386,""smote"",""xgboost"",""4"",""0.95"",""25"",""1"",""0.934150374945328"""
"387,""smote"",""xgboost"",""4"",""0.99"",""8"",""1"",""0.943332050480283"""
"388,""asn"",""logistic_regression"",""4"",""0.95"",""2"",""1"",""0.927779467474526"""
"389,""smote"",""xgboost"",""4"",""0.85"",""16"",""1"",""0.930754974965886"""
"390,""asn"",""logistic_regression"",""4"",""0.85"",""25"",""1"",""0.927482889462782"""
"391,""smote"",""logistic_regression"",""4"",""0.85"",""60"",""1"",""0.942090272158453"""
"392,""smote"",""xgboost"",""4"",""0.8"",""25"",""1"",""0.932964783907829"""
"393,""asn"",""xgboost"",""4"",""0.99"",""12"",""1"",""0.932896248879995"""
"394,""smote"",""logistic_regression"",""4"",""0.9"",""30"",""1"",""0.939501687936991"""
"395,""smote"",""logistic_regression"",""4"",""0.9"",""50"",""1"",""0.941778603393222"""
"396,""smote"",""xgboost"",""4"",""0.9"",""8"",""1"",""0.930867564313997"""
"397,""asn"",""xgboost"",""4"",""0.99"",""35"",""1"",""0.934157899506435"""
"398,""asn"",""xgboost"",""4"",""0.95"",""8"",""1"",""0.923326500296307"""
"399,""smote"",""xgboost"",""4"",""0.8"",""10"",""1"",""0.92975870083878"""
"400,""smote"",""xgboost"",""4"",""0.9"",""4"",""1"",""0.936021744465108"""
"401,""asn"",""logistic_regression"",""4"",""0.9"",""50"",""1"",""0.925809267396468"""
"402,""asn"",""xgboost"",""4"",""0.99"",""10"",""1"",""0.933669744656998"""
"403,""smote"",""logistic_regression"",""4"",""0.95"",""60"",""1"",""0.940248403737439"""
"404,""smote"",""logistic_regression"",""4"",""0.99"",""70"",""1"",""0.938879647407219"""
"405,""smote"",""xgboost"",""4"",""0.8"",""60"",""1"",""0.936100474537674"""
"406,""smote"",""logistic_regression"",""4"",""0.99"",""8"",""1"",""0.93978915173804"""
"407,""asn"",""logistic_regression"",""4"",""0.9"",""4"",""1"",""0.927814869967856"""
"408,""smote"",""xgboost"",""4"",""0.8"",""70"",""1"",""0.931821988643468"""
"409,""asn"",""logistic_regression"",""4"",""0.8"",""12"",""1"",""0.92565413878107"""
"410,""smote"",""logistic_regression"",""4"",""0.8"",""4"",""1"",""0.942676611870607"""
"411,""asn"",""xgboost"",""4"",""0.9"",""35"",""1"",""0.920500612307"""
"412,""asn"",""logistic_regression"",""4"",""0.8"",""60"",""1"",""0.929221523903128"""
"413,""asn"",""logistic_regression"",""4"",""0.8"",""12"",""1"",""0.923426350264568"""
"414,""smote"",""logistic_regression"",""4"",""0.85"",""30"",""1"",""0.94021450929605"""
"415,""asn"",""logistic_regression"",""4"",""0.85"",""50"",""1"",""0.926821338879865"""
"416,""asn"",""xgboost"",""4"",""0.85"",""16"",""1"",""0.921669709860671"""
"417,""smote"",""logistic_regression"",""4"",""0.9"",""70"",""1"",""0.942625863888502"""
"418,""asn"",""logistic_regression"",""4"",""0.85"",""12"",""1"",""0.926799685230571"""
"419,""smote"",""logistic_regression"",""4"",""0.85"",""8"",""1"",""0.940821629604115"""
"420,""smote"",""xgboost"",""4"",""0.8"",""60"",""1"",""0.929676777798546"""
"421,""smote"",""xgboost"",""4"",""0.95"",""50"",""1"",""0.936388772137251"""
"422,""smote"",""xgboost"",""4"",""0.8"",""35"",""1"",""0.930630894433955"""
"423,""asn"",""logistic_regression"",""4"",""0.9"",""12"",""1"",""0.925632627640432"""
"424,""smote"",""xgboost"",""4"",""0.95"",""8"",""1"",""0.932673482793875"""
"425,""asn"",""logistic_regression"",""4"",""0.95"",""16"",""1"",""0.928472378724514"""
"426,""asn"",""xgboost"",""4"",""0.95"",""10"",""1"",""0.924024547430404"""
"427,""asn"",""logistic_regression"",""4"",""0.95"",""10"",""1"",""0.918789347315684"""
"428,""asn"",""logistic_regression"",""4"",""0.8"",""50"",""1"",""0.922426485329099"""
"429,""smote"",""logistic_regression"",""4"",""0.99"",""35"",""1"",""0.942350108087343"""
"430,""smote"",""logistic_regression"",""4"",""0.85"",""4"",""1"",""0.941979078069132"""
"431,""smote"",""xgboost"",""4"",""0.99"",""40"",""1"",""0.943667022268917"""
"432,""smote"",""logistic_regression"",""4"",""0.8"",""12"",""1"",""0.943164019626141"""
"433,""asn"",""xgboost"",""4"",""0.95"",""6"",""1"",""0.925608453023676"""
"434,""asn"",""logistic_regression"",""4"",""0.9"",""60"",""1"",""0.927865306725492"""
"435,""asn"",""logistic_regression"",""4"",""0.95"",""60"",""1"",""0.927131907165321"""
"436,""smote"",""logistic_regression"",""4"",""0.99"",""12"",""1"",""0.934944415116975"""
"437,""asn"",""xgboost"",""4"",""0.85"",""10"",""1"",""0.923891894062756"""
"438,""asn"",""logistic_regression"",""4"",""0.85"",""12"",""1"",""0.928702694222256"""
"439,""smote"",""xgboost"",""4"",""0.8"",""20"",""1"",""0.929028830497744"""
"440,""asn"",""logistic_regression"",""4"",""0.9"",""6"",""1"",""0.927813811209692"""
"441,""asn"",""xgboost"",""4"",""0.8"",""12"",""1"",""0.920409231514262"""
"442,""smote"",""logistic_regression"",""4"",""0.95"",""20"",""1"",""0.939203198506519"""
"443,""smote"",""logistic_regression"",""4"",""0.99"",""60"",""1"",""0.939828577719947"""
"444,""asn"",""xgboost"",""4"",""0.9"",""50"",""1"",""0.920532235079392"""
"445,""asn"",""logistic_regression"",""4"",""0.95"",""12"",""1"",""0.928383823390771"""
"446,""smote"",""xgboost"",""4"",""0.99"",""8"",""1"",""0.941808267991981"""
"447,""asn"",""xgboost"",""4"",""0.8"",""2"",""1"",""0.921637547505329"""
"448,""asn"",""logistic_regression"",""4"",""0.85"",""2"",""1"",""0.925224100289902"""
"449,""asn"",""logistic_regression"",""4"",""0.9"",""40"",""1"",""0.922763195456755"""
"450,""smote"",""xgboost"",""4"",""0.9"",""30"",""1"",""0.931655472586316"""
"451,""smote"",""xgboost"",""4"",""0.8"",""50"",""1"",""0.935138734198517"""
"452,""smote"",""xgboost"",""4"",""0.95"",""25"",""1"",""0.934150374945328"""
"453,""smote"",""xgboost"",""4"",""0.99"",""8"",""1"",""0.943332050480283"""
"454,""asn"",""logistic_regression"",""4"",""0.95"",""2"",""1"",""0.927779467474526"""
"455,""smote"",""xgboost"",""4"",""0.85"",""16"",""1"",""0.930754974965886"""
"456,""asn"",""logistic_regression"",""4"",""0.85"",""25"",""1"",""0.927482889462782"""
"457,""smote"",""logistic_regression"",""4"",""0.85"",""60"",""1"",""0.942090272158453"""
"458,""smote"",""xgboost"",""4"",""0.8"",""25"",""1"",""0.932964783907829"""
"459,""asn"",""xgboost"",""4"",""0.99"",""12"",""1"",""0.932896248879995"""
"460,""smote"",""logistic_regression"",""4"",""0.9"",""30"",""1"",""0.939501687936991"""
"461,""smote"",""logistic_regression"",""4"",""0.9"",""50"",""1"",""0.941778603393222"""
"462,""smote"",""xgboost"",""4"",""0.9"",""8"",""1"",""0.930867564313997"""
"463,""asn"",""xgboost"",""4"",""0.99"",""35"",""1"",""0.934157899506435"""
"464,""asn"",""xgboost"",""4"",""0.95"",""8"",""1"",""0.923326500296307"""
"465,""smote"",""xgboost"",""4"",""0.8"",""10"",""1"",""0.92975870083878"""
"466,""smote"",""xgboost"",""4"",""0.9"",""4"",""1"",""0.936021744465108"""
"467,""asn"",""logistic_regression"",""4"",""0.9"",""50"",""1"",""0.925809267396468"""
"468,""asn"",""xgboost"",""4"",""0.99"",""10"",""1"",""0.933669744656998"""
"469,""smote"",""logistic_regression"",""4"",""0.95"",""60"",""1"",""0.940248403737439"""
"470,""smote"",""logistic_regression"",""4"",""0.99"",""70"",""1"",""0.938879647407219"""
"471,""smote"",""xgboost"",""4"",""0.8"",""60"",""1"",""0.936100474537674"""
"472,""smote"",""logistic_regression"",""4"",""0.99"",""8"",""1"",""0.93978915173804"""
"473,""asn"",""logistic_regression"",""4"",""0.9"",""4"",""1"",""0.927814869967856"""
"474,""smote"",""xgboost"",""4"",""0.8"",""70"",""1"",""0.931821988643468"""
"475,""asn"",""logistic_regression"",""4"",""0.8"",""12"",""1"",""0.92565413878107"""
"476,""smote"",""logistic_regression"",""4"",""0.8"",""4"",""1"",""0.942676611870607"""
"477,""asn"",""xgboost"",""4"",""0.9"",""35"",""1"",""0.920500612307"""
"478,""asn"",""logistic_regression"",""4"",""0.8"",""60"",""1"",""0.929221523903128"""
"479,""asn"",""logistic_regression"",""4"",""0.8"",""12"",""1"",""0.923426350264568"""
"480,""smote"",""logistic_regression"",""4"",""0.85"",""30"",""1"",""0.94021450929605"""
"481,""asn"",""logistic_regression"",""4"",""0.85"",""50"",""1"",""0.926821338879865"""
"482,""asn"",""xgboost"",""4"",""0.85"",""16"",""1"",""0.921669709860671"""
"483,""smote"",""logistic_regression"",""4"",""0.9"",""70"",""1"",""0.942625863888502"""
"484,""asn"",""logistic_regression"",""4"",""0.85"",""12"",""1"",""0.926799685230571"""
"485,""smote"",""logistic_regression"",""4"",""0.85"",""8"",""1"",""0.940821629604115"""
"486,""smote"",""xgboost"",""4"",""0.8"",""60"",""1"",""0.929676777798546"""
"487,""smote"",""xgboost"",""4"",""0.95"",""50"",""1"",""0.936388772137251"""
"488,""smote"",""xgboost"",""4"",""0.8"",""35"",""1"",""0.930630894433955"""
"489,""asn"",""logistic_regression"",""4"",""0.9"",""12"",""1"",""0.925632627640432"""
"490,""smote"",""xgboost"",""4"",""0.95"",""8"",""1"",""0.932673482793875"""
"491,""asn"",""logistic_regression"",""4"",""0.95"",""16"",""1"",""0.928472378724514"""
"492,""asn"",""xgboost"",""4"",""0.95"",""10"",""1"",""0.924024547430404"""
"493,""asn"",""logistic_regression"",""4"",""0.95"",""10"",""1"",""0.918789347315684"""
"494,""asn"",""logistic_regression"",""4"",""0.8"",""50"",""1"",""0.922426485329099"""
"495,""smote"",""logistic_regression"",""4"",""0.99"",""35"",""1"",""0.942350108087343"""
"496,""smote"",""logistic_regression"",""4"",""0.85"",""4"",""1"",""0.941979078069132"""
"497,""smote"",""xgboost"",""4"",""0.99"",""40"",""1"",""0.943667022268917"""
"498,""smote"",""logistic_regression"",""4"",""0.8"",""12"",""1"",""0.943164019626141"""
"499,""asn"",""xgboost"",""4"",""0.95"",""6"",""1"",""0.925608453023676"""
"500,""asn"",""logistic_regression"",""4"",""0.9"",""60"",""1"",""0.927865306725492"""
